[
{
    "pk" : 1,
    "model" : "auth.user",
    "fields" : {
        "is_superuser" : true,
        "is_active" : true,
        "password" : "pbkdf2_sha256$150000$sgVO3amUiyPf$6gwmgg/tex41AlcRobND2PbsVBesnNv5+af2XMlRi7s=",
        "last_login" : "2019-04-20T06:34:27.761Z",
        "user_permissions" : [],
        "groups" : [],
        "last_name" : "",
        "date_joined" : "2019-04-20T06:34:18.600Z",
        "email" : "",
        "username" : "admin",
        "is_staff" : true,
        "first_name" : ""
    }
},
{
    "model": "rest_api.group",
    "pk": 1,
    "fields": {
        "name": "12a",
        "image": "https://image.flaticon.com/icons/svg/201/201559.svg"
    }
},
{
    "model": "rest_api.group",
    "pk": 2,
    "fields": {
        "name": "12b",
        "image": "https://image.flaticon.com/icons/svg/201/201577.svg"
    }
},
{
    "model": "rest_api.group",
    "pk": 3,
    "fields": {
        "name": "Football",
        "image": "https://image.flaticon.com/icons/svg/201/201583.svg"
    }
},
{
    "model": "rest_api.group",
    "pk": 4,
    "fields": {
        "name": "Teachers",
        "image": "https://image.flaticon.com/icons/svg/201/201567.svg"
    }
},
{
    "model": "rest_api.person",
    "pk": 2,
    "fields": {
        "name": "Mike",
        "email": "test@localhost",
        "card_id": "111",
        "image": "https://api.adorable.io/avatars/785/",
        "groups": [
            1,
            3
        ]
    }
},
{
    "model": "rest_api.person",
    "pk": 3,
    "fields": {
        "name": "Katya",
        "email": "test@localhost",
        "card_id": "66",
        "image": "https://api.adorable.io/avatars/655/",
        "groups": [
            2
        ]
    }
},
{
    "model": "rest_api.person",
    "pk": 4,
    "fields": {
        "name": "Steve",
        "email": "test@localhost",
        "card_id": "222",
        "image": "https://api.adorable.io/avatars/382/",
        "groups": [
            4
        ]
    }
},
{
    "model": "rest_api.person",
    "pk": 5,
    "fields": {
        "name": "Gosho",
        "email": "test@localhost",
        "card_id": "666",
        "image": "https://api.adorable.io/avatars/1312/",
        "groups": [
            2,
            3
        ]
    }
},
{
    "model": "rest_api.person",
    "pk": 6,
    "fields": {
        "name": "Ivan",
        "email": "test@localhost",
        "card_id": "2A-DE-68-CE",
        "image": "https://api.adorable.io/avatars/517/",
        "groups": []
    }
},
{
    "model": "rest_api.person",
    "pk": 7,
    "fields": {
        "name": "Stanimir",
        "email": "test@localhost",
        "card_id": "AA-6B-5B-CE",
        "image": "https://api.adorable.io/avatars/110/",
        "groups": [
            1
        ]
    }
},
{
    "model": "rest_api.person",
    "pk": 8,
    "fields": {
        "name": "Juan",
        "email": "test@localhost",
        "card_id": "E4-10-6A-1F",
        "image": "https://api.adorable.io/avatars/987/",
        "groups": [
            1,
            2,
            3
        ]
    }
},
{
    "model": "rest_api.person",
    "pk": 9,
    "fields": {
        "name": "Penka",
        "email": "test@localhost",
        "card_id": "FC-61-BC-10",
        "image": "https://api.adorable.io/avatars/2/",
        "groups": [
            2
        ]
    }
},
{
    "model": "rest_api.person",
    "pk": 10,
    "fields": {
        "name": "Ganka",
        "email": "test@localhost",
        "card_id": "5C-B3-D6-10",
        "image": "https://api.adorable.io/avatars/914/",
        "groups": [
            1,
            3
        ]
    }
},
{
    "model": "rest_api.room",
    "pk": 2,
    "fields": {
        "name": "Saturn"
    }
},
{
    "model": "rest_api.room",
    "pk": 3,
    "fields": {
        "name": "Stadium"
    }
},
{
    "model": "rest_api.room",
    "pk": 4,
    "fields": {
        "name": "Submarine"
    }
},
{
    "model": "rest_api.event",
    "pk": 3,
    "fields": {
        "title": "Math",
        "description": "It's simple - calculus or no zavurshfaculus \ud83d\udc85",
        "image": "https://image.flaticon.com/icons/svg/1605/1605765.svg",
        "start": "2019-04-20T14:00:00Z",
        "end": "2019-04-20T16:00:00Z",
        "room": 2,
        "organisers": [
            3
        ],
        "groups": [
            1
        ],
        "people": [
            2
        ]
    }
},
{
    "model": "rest_api.event",
    "pk": 4,
    "fields": {
        "title": "Grande finale",
        "description": "Buckle up and start your engines, 'cuz it's about to get real y'all \ud83d\udc4f\ud83d\udc4f\ud83d\udc4f",
        "image": "https://image.flaticon.com/icons/svg/861/861506.svg",
        "start": "2019-04-30T12:00:00Z",
        "end": "2019-04-30T18:00:00Z",
        "room": 3,
        "organisers": [
            3
        ],
        "groups": [
            3
        ],
        "people": [
            4
        ]
    }
},
{
    "model": "rest_api.event",
    "pk": 5,
    "fields": {
        "title": "Maths",
        "description": "Mathematics class",
        "image": "https://image.flaticon.com/icons/svg/201/201594.svg",
        "start": "2019-04-23T21:00:00Z",
        "end": "2019-04-23T21:00:00Z",
        "room": 2,
        "organisers": [
            7
        ],
        "groups": [],
        "people": []
    }
},
{
    "model": "rest_api.event",
    "pk": 6,
    "fields": {
        "title": "Demonstration event",
        "description": "Fery nie event",
        "image": "https://image.flaticon.com/icons/svg/201/201594.svg",
        "start": "2019-04-24T07:30:00Z",
        "end": "2019-04-24T10:30:00Z",
        "room": 2,
        "organisers": [
            2
        ],
        "groups": [],
        "people": []
    }
},
{
    "model": "rest_api.attendance",
    "pk": 13,
    "fields": {
        "check_in": "2019-04-30T12:39:49Z",
        "check_out": "2019-04-30T14:40:01Z",
        "person": 2,
        "room": 3
    }
},
{
    "model": "rest_api.attendance",
    "pk": 14,
    "fields": {
        "check_in": "2019-04-30T06:00:00Z",
        "check_out": null,
        "person": 3,
        "room": 3
    }
},
{
    "model": "rest_api.attendance",
    "pk": 15,
    "fields": {
        "check_in": "2019-04-30T06:00:00Z",
        "check_out": "2019-04-30T07:30:00Z",
        "person": 3,
        "room": 2
    }
},
{
    "model": "rest_api.attendance",
    "pk": 16,
    "fields": {
        "check_in": "2019-04-30T12:29:00Z",
        "check_out": "2019-04-24T07:37:21.071Z",
        "person": 9,
        "room": 2
    }
},
{
    "model": "rest_api.attendance",
    "pk": 17,
    "fields": {
        "check_in": "2019-04-30T12:00:00Z",
        "check_out": "2019-04-30T12:30:00Z",
        "person": 4,
        "room": 3
    }
},
{
    "model": "rest_api.attendance",
    "pk": 18,
    "fields": {
        "check_in": "2019-04-24T07:09:08.393Z",
        "check_out": "2019-04-24T07:10:05.020Z",
        "person": 8,
        "room": 2
    }
},
{
    "model": "rest_api.attendance",
    "pk": 19,
    "fields": {
        "check_in": "2019-04-24T07:10:45.660Z",
        "check_out": "2019-04-24T07:14:39.475Z",
        "person": 8,
        "room": 2
    }
},
{
    "model": "rest_api.attendance",
    "pk": 20,
    "fields": {
        "check_in": "2019-04-24T07:14:41.628Z",
        "check_out": "2019-04-24T07:14:43.257Z",
        "person": 8,
        "room": 2
    }
},
{
    "model": "rest_api.attendance",
    "pk": 21,
    "fields": {
        "check_in": "2019-04-24T07:14:45.421Z",
        "check_out": "2019-04-24T07:18:07.758Z",
        "person": 8,
        "room": 2
    }
},
{
    "model": "rest_api.attendance",
    "pk": 22,
    "fields": {
        "check_in": "2019-04-24T07:21:14.946Z",
        "check_out": "2019-04-24T07:21:25.479Z",
        "person": 8,
        "room": 2
    }
},
{
    "model": "rest_api.attendance",
    "pk": 23,
    "fields": {
        "check_in": "2019-04-24T07:21:33.207Z",
        "check_out": "2019-04-24T07:26:46.139Z",
        "person": 8,
        "room": 2
    }
},
{
    "model": "rest_api.attendance",
    "pk": 24,
    "fields": {
        "check_in": "2019-04-24T07:27:20.305Z",
        "check_out": "2019-04-24T07:27:21.747Z",
        "person": 8,
        "room": 2
    }
},
{
    "model": "rest_api.attendance",
    "pk": 25,
    "fields": {
        "check_in": "2019-04-24T07:29:03.331Z",
        "check_out": "2019-04-24T07:29:07.818Z",
        "person": 6,
        "room": 2
    }
},
{
    "model": "rest_api.attendance",
    "pk": 26,
    "fields": {
        "check_in": "2019-04-24T07:29:10.281Z",
        "check_out": "2019-04-24T07:37:43.605Z",
        "person": 6,
        "room": 2
    }
},
{
    "model": "rest_api.attendance",
    "pk": 27,
    "fields": {
        "check_in": "2019-04-24T07:30:39.167Z",
        "check_out": "2019-04-24T07:33:16.338Z",
        "person": 8,
        "room": 2
    }
},
{
    "model": "rest_api.attendance",
    "pk": 28,
    "fields": {
        "check_in": "2019-04-24T07:33:18.726Z",
        "check_out": "2019-04-24T07:36:00.299Z",
        "person": 8,
        "room": 2
    }
},
{
    "model": "rest_api.attendance",
    "pk": 29,
    "fields": {
        "check_in": "2019-04-24T07:36:02.130Z",
        "check_out": "2019-04-24T07:36:03.577Z",
        "person": 8,
        "room": 3
    }
},
{
    "model": "rest_api.attendance",
    "pk": 30,
    "fields": {
        "check_in": "2019-04-24T07:36:16.974Z",
        "check_out": "2019-04-24T07:37:01.205Z",
        "person": 8,
        "room": 3
    }
},
{
    "model": "rest_api.attendance",
    "pk": 31,
    "fields": {
        "check_in": "2019-04-24T07:36:41.347Z",
        "check_out": "2019-04-24T07:41:25.538Z",
        "person": 10,
        "room": 3
    }
},
{
    "model": "rest_api.attendance",
    "pk": 32,
    "fields": {
        "check_in": "2019-04-24T07:38:05.626Z",
        "check_out": null,
        "person": 7,
        "room": 3
    }
},
{
    "model": "rest_api.attendance",
    "pk": 33,
    "fields": {
        "check_in": "2019-04-24T07:39:32.682Z",
        "check_out": null,
        "person": 6,
        "room": 2
    }
},
{
    "model": "rest_api.attendance",
    "pk": 34,
    "fields": {
        "check_in": "2019-04-24T07:42:38.437Z",
        "check_out": "2019-04-24T07:42:40.354Z",
        "person": 10,
        "room": 2
    }
},
{
    "model": "rest_api.attendance",
    "pk": 35,
    "fields": {
        "check_in": "2019-04-24T07:42:41.903Z",
        "check_out": "2019-04-24T07:42:43.333Z",
        "person": 10,
        "room": 2
    }
},
{
    "model": "rest_api.attendance",
    "pk": 36,
    "fields": {
        "check_in": "2019-04-24T07:44:37.824Z",
        "check_out": "2019-04-24T07:44:43.625Z",
        "person": 10,
        "room": 2
    }
},
{
    "model": "rest_api.attendance",
    "pk": 37,
    "fields": {
        "check_in": "2019-04-24T07:54:49.531Z",
        "check_out": "2019-04-24T07:59:51.485Z",
        "person": 10,
        "room": 2
    }
},
{
    "model": "rest_api.attendance",
    "pk": 38,
    "fields": {
        "check_in": "2019-04-24T07:56:16.237Z",
        "check_out": "2019-04-24T07:58:23.125Z",
        "person": 8,
        "room": 2
    }
}
]
